id;name;username;email;password;dob;gender;phone_number
95e72fb7-1692-4dc2-b939-a584db942ca9;during pish before;persevere;Laverne31@yahoo.com;well-documented whoever;2024-02-03;MALE;kookily
2aa0a59d-d9a7-4338-9663-4cb0bd6e0263;disastrous times process;moth;Ignatius95@hotmail.com;pish piercing;2024-02-03;OTHER;round yowza
69bbbcd3-c0a4-4f52-b8aa-23311f810fc8;writhing stained qua;bah value vice;Gilbert.Blanda63@gmail.com;sheepishly;2024-02-03;MALE;wearily ew
1e85094b-0bc1-48b0-88ac-18cd5c13e71d;flickering searchingly that;prowl;Gwen51@hotmail.com;upright;2024-02-03;FEMALE;if ha not
29904074-42bc-4d0a-b1af-243c4518ba73;eek off;promenade;Regan_Stanton53@hotmail.com;whose;2024-02-04;FEMALE;sans emery bat
d0ccfe8a-09a8-4441-81b0-45b81bf6d8bb;officially duh dual;who;Fritz.Reichert98@hotmail.com;vacantly easily;2024-02-03;MALE;fatally utterly though
05a34ac2-2ab3-4c1c-873a-045e8aeff9d9;kindness ah tensely;colorfully;Keyshawn_Effertz87@hotmail.com;uneven geez;2024-02-03;MALE;elastic
0357c9d5-0fcf-4224-b957-24ad4a037be8;eek valiantly;never fix;Weston14@hotmail.com;if;2024-02-03;MALE;against
c75545bd-994b-492e-9810-afe828787c66;pace;when;Tobin_Carroll@yahoo.com;speedily ah;2024-02-03;FEMALE;upside-down before against
1e5dc5d7-1f34-46f7-a905-fc4790b4928c;after;ack immediately yahoo;Ryann.Brown64@hotmail.com;for brr;2024-02-04;FEMALE;matchmaker tightly
